A	Brazil	3	1	Goalie	31	9	Botafogo	Jefferson	0	
A	Brazil	3	12	Goalie	34	80	Toronto_FC	Julio_Cesar	0	
A	Brazil	3	22	Goalie	31	6	Atletico_Mineiro	Victor	0	
A	Brazil	3	2	Defender	31	75	Barcelona	Dani_Alves	0	
A	Brazil	3	13	Defender	30	12	Bayern_Munich	Dante	0	
A	Brazil	3	4	Defender	27	36	Chelsea	David_Luiz	0	
A	Brazil	3	15	Defender	27	5	Napoli	Henrique	0	
A	Brazil	3	23	Defender	32	72	Roma	Maicon	0	
A	Brazil	3	6	Defender	26	31	Real_Madrid	Marcelo	0	
A	Brazil	3	14	Defender	32	9	Paris_Saint-Germain	Maxwell	0	
A	Brazil	3	3	Defender	29	46	Paris_Saint-Germain	Thiago_Silva	1	
A	Brazil	3	20	Midfielder	21	11	Shakhtar_Donetsk	Bernard	0	
A	Brazil	3	5	Midfielder	29	7	Manchester_City	Fernandinho	0	
A	Brazil	3	18	Midfielder	29	24	Internazionale	Hernanes	0	
A	Brazil	3	17	Midfielder	26	19	VfL_Wolfsburg	Luiz_Gustavo	0	
A	Brazil	3	11	Midfielder	22	31	Chelsea	Oscar	0	
A	Brazil	3	8	Midfielder	25	26	Tottenham_Hotspur	Paulinho	0	
A	Brazil	3	16	Midfielder	27	42	Chelsea	Ramires	0	
A	Brazil	3	19	Midfielder	25	7	Chelsea	Willian	0	
A	Brazil	3	9	Forward	30	33	Fluminense	Fred	0	
A	Brazil	3	7	Forward	27	35	Zenit_Saint_Petersburg	Hulk	0	
A	Brazil	3	21	Forward	27	17	Atletico_Mineiro	Jô	0	
A	Brazil	3	10	Forward	22	49	Barcelona	Neymar	0	
A	Cameroon	56	16	Goalie	31	9	Konyaspor	Charles_Itandje	0	
A	Cameroon	56	1	Goalie	22	2	Coton_Sport	Loec_Feudjou	0	
A	Cameroon	56	23	Goalie	24	3	Fethiyespor	Sammy_N'Djock	0	
A	Cameroon	56	22	Defender	26	10	Granada	Allan_Nyom	0	
A	Cameroon	56	14	Defender	28	31	Galatasaray	Aurelien_Chedjou	0	
A	Cameroon	56	2	Defender	30	22	Queens_Park_Rangers	Benoît_Assou-Ekotto	0	
A	Cameroon	56	4	Defender	21	3	Coton_Sport	Cedric_Djeugoue	0	
A	Cameroon	56	5	Defender	28	16	Besiktas	Dany_Nounkeu	0	
A	Cameroon	56	12	Defender	30	31	Lyon	Henri_Bedimo	0	
A	Cameroon	56	3	Defender	24	48	Marseille	Nicolas_N'Koulou	0	
A	Cameroon	56	6	Midfielder	26	47	Barcelona	Alex_Song	0	
A	Cameroon	56	20	Midfielder	21	9	Lens	Edgar_Salli	0	
A	Cameroon	56	18	Midfielder	28	38	Antalyaspor	Eyong_Enoh	0	
A	Cameroon	56	11	Midfielder	31	66	Rennes	Jean_Makoun	0	
A	Cameroon	56	21	Midfielder	22	23	Schalke_4	Joel_Matip	0	
A	Cameroon	56	7	Midfielder	28	40	Bordeaux	Landry_N'Guemo	0	
A	Cameroon	56	17	Midfielder	28	49	Sevilla	Stephane_Mbia	0	
A	Cameroon	56	8	Forward	25	17	Nancy	Benjamin_Moukandjo	0	
A	Cameroon	56	19	Forward	18	8	Zulte_Waregem	Fabrice_Olinga	0	
A	Cameroon	56	13	Forward	25	26	Mainz_5	Maxim_Choupo-Moting	0	
A	Cameroon	56	15	Forward	32	56	Fenerbahce	Pierre_Webo	0	
A	Cameroon	56	9	Forward	33	117	Chelsea	Samuel_Eto'o	c	0
A	Cameroon	56	10	Forward	22	24	Lorient	Vincent_Aboubakar	0	
A	Croatia	18	23	Goalie	29	6	Monaco	Danijel_Subasic	0	
A	Croatia	18	12	Goalie	21	0	Lokomotiva	Oliver_Zelenika	0	
A	Croatia	18	1	Goalie	35	111	Rostov	Stipe_Pletikosa	0	
A	Croatia	18	3	Defender	32	50	Panathinaikos	Danijel_Pranjic	0	
A	Croatia	18	11	Defender	32	112	Shakhtar_Donetsk	Darijo_Srna	1	
A	Croatia	18	6	Defender	24	25	Southampton	Dejan_Lovren	0	
A	Croatia	18	21	Defender	25	23	Dynamo_Kyiv	Domagoj_Vida	0	
A	Croatia	18	13	Defender	29	21	Panathinaikos	Gordon_Schildenfeld	0	
A	Croatia	18	2	Defender	22	7	Genoa	Sime_Vrsaljko	0	
A	Croatia	18	5	Defender	28	72	Lokomotiv_Moscow	Vedran_Corluka	0	
A	Croatia	18	15	Midfielder	25	9	Hamburger_SV	Milan_Badelj	0	
A	Croatia	18	4	Midfielder	25	29	VfL_Wolfsburg	Ivan_Perisic	0	
A	Croatia	18	7	Midfielder	26	62	Sevilla	Ivan_Rakitic	0	
A	Croatia	18	10	Midfielder	28	75	Real_Madrid	Luka_Modric	0	
A	Croatia	18	14	Midfielder	21	1	Dinamo_Zagreb	Marcelo_Brozovic	0	
A	Croatia	18	20	Midfielder	20	10	Internazionale	Mateo_Kovacic	0	
A	Croatia	18	8	Midfielder	30	55	Dynamo_Kyiv	Ognjen_Vukojevic	0	
A	Croatia	18	19	Midfielder	27	6	Getafe	Sammir	0	
A	Croatia	18	16	Forward	20	5	Fiorentina	Ante_Rebic	0	
A	Croatia	18	22	Forward	31	63	Shakhtar_Donetsk	Eduardo	0	
A	Croatia	18	18	Forward	34	92	VfL_Wolfsburg	Ivica_Olic	0	
A	Croatia	18	17	Forward	28	50	Bayern_Munich	Mario_Mandzukic	0	
A	Croatia	18	9	Forward	28	33	Hull_City	Nikica_Jelavic	0	
A	Mexico	20	12	Goalie	31	14	Toluca	Alfredo_Talavera	0	
A	Mexico	20	13	Goalie	28	59	Ajaccio	Guillermo_Ochoa	0	
A	Mexico	20	1	Goalie	33	34	Cruz_Azul	Jose_de_Jesus_Corona	0	
A	Mexico	20	18	Defender	27	104	Bayer_Leverkusen	Andres_Guardado	0	
A	Mexico	20	3	Defender	34	122	UANL	Carlos_Salcido	0	
A	Mexico	20	5	Defender	21	14	Porto	Diego_Reyes	0	
A	Mexico	20	2	Defender	32	95	America	Francisco_Javier_Rodriguez	0	
A	Mexico	20	15	Defender	26	53	Espanyol	Hector_Moreno	0	
A	Mexico	20	16	Defender	25	8	Toluca	Miguel_Angel_Ponce	0	
A	Mexico	20	7	Defender	25	15	America	Miguel_Layun	0	
A	Mexico	20	22	Defender	28	30	America	Paul_Aguilar	0	
A	Mexico	20	4	Defender	35	120	Leon	Rafael_Marquez	1	
A	Mexico	20	21	Midfielder	24	16	Leon	Carlos_Pena	0	
A	Mexico	20	6	Midfielder	24	13	Porto	Hector_Herrera	0	
A	Mexico	20	17	Midfielder	23	7	Toluca	Isaac_Brizuela	0	
A	Mexico	20	20	Midfielder	24	22	Villarreal	Javier_Aquino	0	
A	Mexico	20	23	Midfielder	26	5	Leon	Jose_Juan_Vazquez	0	
A	Mexico	20	8	Midfielder	24	15	Cruz_Azul	Marco_Fabian	0	
A	Mexico	20	11	Forward	23	6	UANL	Alan_Pulido	0	
A	Mexico	20	10	Forward	25	76	Villarreal	Giovani_dos_Santos	0	
A	Mexico	20	14	Forward	26	62	Manchester_United	Javier_Hernandez	0	
A	Mexico	20	19	Forward	30	33	Santos_Laguna	Oribe_Peralta	0	
A	Mexico	20	9	Forward	23	25	America	Raul_Jimenez	0	
B	Australia	62	18	Goalie	32	8	Adelaide_United	Eugene_Galekovic	0	
B	Australia	62	1	Goalie	22	7	Club_Brugge	Mathew_Ryan	0	
B	Australia	62	12	Goalie	25	3	Borussia_Dortmund	Mitchell_Langerak	0	
B	Australia	62	22	Defender	29	3	Jeonbuk_Hyundai_Motors	Alex_Wilkinson	0	
B	Australia	62	8	Defender	21	0	Preston_North_End	Bailey_Wright	0	
B	Australia	62	2	Defender	26	9	Brisbane_Roar	Ivan_Franjic	0	
B	Australia	62	3	Defender	22	7	Heracles_Almelo	Jason_Davidson	0	
B	Australia	62	6	Defender	25	18	Western_Sydney_Wanderers	Matthew_Spiranovic	0	
B	Australia	62	19	Defender	24	9	Shandong_Luneng_Taishan	Ryan_McGowan	0	
B	Australia	62	10	Midfielder	21	2	Fortuna_Düsseldorf	Ben_Halloran	0	
B	Australia	62	20	Midfielder	27	23	Sion	Dario_Vidosic	0	
B	Australia	62	16	Midfielder	25	14	Autriche_Wien	James_Holland	0	
B	Australia	62	14	Midfielder	25	11	Atalanta	James_Troisi	0	
B	Australia	62	23	Midfielder	34	74	Al-Gharafa	Mark_Bresciano	0	
B	Australia	62	5	Midfielder	28	29	Melbourne_Victory	Mark_Milligan	0	
B	Australia	62	21	Midfielder	21	1	Swindon_Town	Massimo_Luongo	0	
B	Australia	62	17	Midfielder	31	47	Brisbane_Roar	Matt_McKay	0	
B	Australia	62	15	Midfielder	29	44	Crystal_Palace	Mile_Jedinak	1	
B	Australia	62	13	Midfielder	25	3	Luzern	Oliver_Bozanic	0	
B	Australia	62	11	Midfielder	22	15	Utrecht	Tommy_Oar	0	
B	Australia	62	9	Forward	21	5	Newcastle_Jets	Adam_Taggart	0	
B	Australia	62	7	Forward	23	8	FSV_Frankfurt	Mathew_Leckie	0	
B	Australia	62	4	Forward	34	69	New_York_Red_Bulls	Tim_Cahill	0	
B	Chile	14	1	Goalie	31	79	Real_Sociedad	Claudio_Bravo	1	
B	Chile	14	12	Goalie	25	4	Universidad_Catolica	Cristopher_Toselli	0	
B	Chile	14	23	Goalie	33	8	Universidad_de_Chili	Johnny_Herrera	0	
B	Chile	14	2	Defender	25	25	Santos	Eugenio_Mena	0	
B	Chile	14	17	Defender	26	61	Cardiff_City	Gary_Medel	0	
B	Chile	14	18	Defender	28	65	Nottingham_Forest	Gonzalo_Jara	0	
B	Chile	14	13	Defender	31	19	Universidad_de_Chili	Jose_Rojas	0	
B	Chile	14	3	Defender	23	2	Malmö_FF	Miiko_Albornoz	0	
B	Chile	14	8	Midfielder	27	54	Juventus	Arturo_Vidal	0	
B	Chile	14	6	Midfielder	27	44	Atalanta	Carlos_Carmona	0	
B	Chile	14	20	Midfielder	25	21	Internacional	Charles_Aranguiz	0	
B	Chile	14	14	Midfielder	28	26	Celta_Vigo	Fabian_Orellana	0	
B	Chile	14	16	Midfielder	23	18	Twente	Felipe_Gutierrez	0	
B	Chile	14	5	Midfielder	28	12	Osasuna	Francisco_Silva	0	
B	Chile	14	15	Midfielder	30	59	Wigan_Athletic	Jean_Beausejour	0	
B	Chile	14	10	Midfielder	30	57	Palmeiras	Jorge_Valdivia	0	
B	Chile	14	19	Midfielder	29	23	Colo-Colo	Jose_Pedro_Fuenzalida	0	
B	Chile	14	21	Midfielder	27	21	Basel	Marcelo_Diaz	0	
B	Chile	14	4	Midfielder	25	47	Juventus	Mauricio_Isla	0	
B	Chile	14	7	Forward	25	67	Barcelona	Alexis_Sanchez	0	
B	Chile	14	11	Forward	24	30	Valencia	Eduardo_Vargas	0	
B	Chile	14	22	Forward	33	35	Colo-Colo	Esteban_Paredes	0	
B	Chile	14	9	Forward	30	27	Cagliari	Mauricio_Pinilla	0	
B	Spain	1	12	Goalie	23	1	Manchester_United	David_de_Gea	0	
B	Spain	1	1	Goalie	33	154	Real_Madrid	Iker_Casillas	1	
B	Spain	1	23	Goalie	31	32	Napoli	Pepe_Reina	0	
B	Spain	1	22	Defender	24	6	Chelsea	Cesar_Azpilicueta	0	
B	Spain	1	3	Defender	27	60	Barcelona	Gerard_Pique	0	
B	Spain	1	18	Defender	25	26	Barcelona	Jordi_Alba	0	
B	Spain	1	5	Defender	29	8	Atletico_Madrid	Juanfran	0	
B	Spain	1	2	Defender	28	46	Napoli	Raul_Albiol	0	
B	Spain	1	15	Defender	28	117	Real_Madrid	Sergio_Ramos	0	
B	Spain	1	6	Midfielder	30	97	Barcelona	Andres_Iniesta	0	
B	Spain	1	10	Midfielder	27	89	Barcelona	Cesc_Fabregas	0	
B	Spain	1	21	Midfielder	28	80	Manchester_City	David_Silva	0	
B	Spain	1	4	Midfielder	25	17	Bayern_Munich	Javi_Martinez	0	
B	Spain	1	13	Midfielder	26	33	Manchester_United	Juan_Mata	0	
B	Spain	1	17	Midfielder	22	8	Atletico_Madrid	Koke	0	
B	Spain	1	20	Midfielder	29	64	Arsenal	Santi_Cazorla	0	
B	Spain	1	16	Midfielder	25	65	Barcelona	Sergio_Busquets	0	
B	Spain	1	14	Midfielder	32	111	Real_Madrid	Xabi_Alonso	0	
B	Spain	1	8	Midfielder	34	132	Barcelona	Xavi	0	
B	Spain	1	7	Forward	32	96	Atletico_Madrid	David_Villa	0	
B	Spain	1	19	Forward	25	2	Atletico_Madrid	Diego_Costa	0	
B	Spain	1	9	Forward	30	107	Chelsea	Fernando_Torres	0	
B	Spain	1	11	Forward	26	40	Barcelona	Pedro	0	
B	Netherlands	15	1	Goalie	25	8	Ajax	Jasper_Cillessen	0	
B	Netherlands	15	22	Goalie	30	14	Swansea_City	Michel_Vorm	0	
B	Netherlands	15	23	Goalie	26	5	Newcastle_United	Tim_Krul	0	
B	Netherlands	15	4	Defender	22	16	Feyenoord	Bruno_Martins_Indi	0	
B	Netherlands	15	5	Defender	24	12	Ajax	Daley_Blind	0	
B	Netherlands	15	7	Defender	24	16	Feyenoord	Daryl_Janmaat	0	
B	Netherlands	15	13	Defender	22	2	Ajax	Joel_Veltman	0	
B	Netherlands	15	12	Defender	30	2	Augsburg	Paul_Verhaegh	0	
B	Netherlands	15	2	Defender	29	24	Aston_Villa	Ron_Vlaar	0	
B	Netherlands	15	3	Defender	22	12	Feyenoord	Stefan_de_Vrij	0	
B	Netherlands	15	14	Defender	20	1	Feyenoord	Terence_Kongolo	0	
B	Netherlands	15	11	Midfielder	30	75	Bayern_Munich	Arjen_Robben	0	
B	Netherlands	15	20	Midfielder	23	5	PSV	Georginio_Wijnaldum	0	
B	Netherlands	15	6	Midfielder	26	10	Swansea_City	Jonathan_de_Guzman	0	
B	Netherlands	15	16	Midfielder	22	8	Feyenoord	Jordy_Clasie	0	
B	Netherlands	15	18	Midfielder	24	6	Norwich_City	Leroy_Fer	0	
B	Netherlands	15	21	Midfielder	20	6	PSV	Memphis_Depay	0	
B	Netherlands	15	8	Midfielder	29	71	Milan	Nigel_de_Jong	0	
B	Netherlands	15	10	Midfielder	29	99	Galatasaray	Wesley_Sneijder	0	
B	Netherlands	15	15	Forward	33	98	Fenerbahce	Dirk_Kuyt	0	
B	Netherlands	15	17	Forward	26	22	Dynamo_Kyiv	Jeremain_Lens	0	
B	Netherlands	15	19	Forward	30	62	Schalke_4	Klaas-Jan_Huntelaar	0	
B	Netherlands	15	9	Forward	30	85	Manchester_United	Robin_van_Persie	1	
C	Colombia	8	12	Goalie	24	0	Santa_Fe	Camilo_Vargas	0	
C	Colombia	8	1	Goalie	25	44	Nice	David_Ospina	0	
C	Colombia	8	22	Goalie	42	50	Deportivo_Cali	Faryd_Mondragon	0	
C	Colombia	8	23	Defender	29	14	San_Lorenzo	Carlos_Valdes	0	
C	Colombia	8	2	Defender	27	24	Milan	Cristian_Zapata	0	
C	Colombia	8	16	Defender	21	3	River_Plate	Eder_Alvarez_Balanta	0	
C	Colombia	8	18	Defender	28	50	Napoli	Juan_Camilo_Zuniga	0	
C	Colombia	8	3	Defender	38	98	Atalanta	Mario_Yepes	1	
C	Colombia	8	7	Defender	27	53	West_Ham_United	Pablo_Armero	0	
C	Colombia	8	4	Defender	22	6	PSV	Santiago_Arias	0	
C	Colombia	8	8	Midfielder	29	49	Toulouse	Abel_Aguilar	0	
C	Colombia	8	5	Midfielder	23	1	River_Plate	Carlos_Carbonero	0	
C	Colombia	8	15	Midfielder	25	8	Atletico_Nacional	Alexander_Mejia	0	
C	Colombia	8	6	Midfielder	28	44	Elche	Carlos_Sanchez	0	
C	Colombia	8	13	Midfielder	27	49	Internazionale	Fredy_Guarin	0	
C	Colombia	8	10	Midfielder	22	22	Monaco	James_Rodriguez	0	
C	Colombia	8	20	Midfielder	21	4	Porto	Juan_Fernando_Quintero	0	
C	Colombia	8	11	Midfielder	26	28	Fiorentina	Juan_Guillermo_Cuadrado	0	
C	Colombia	8	14	Midfielder	24	9	Cagliari	Victor_Ibarbo	0	
C	Colombia	8	19	Forward	28	26	Hertha_BSC	Adrian_Ramos	0	
C	Colombia	8	17	Forward	27	11	Sevilla	Carlos_Bacca	0	
C	Colombia	8	21	Forward	27	27	Porto	Jackson_Martinez	0	
C	Colombia	8	9	Forward	29	30	River_Plate	Teofilo_Gutierrez	0	
C	Ivory_Coast	23	1	Goalie	34	79	Lokeren	Boubacar_Barry	0	
C	Ivory_Coast	23	23	Goalie	21	1	Stabæk	Sayouba_Mande	0	
C	Ivory_Coast	23	16	Goalie	25	1	Sewe_Sport	Sylvain_Gbohouo	0	
C	Ivory_Coast	23	3	Defender	31	79	VfB_Stuttgart	Arthur_Boka	0	
C	Ivory_Coast	23	18	Defender	27	4	Eintracht_Frankfurt	Constant_Djakpa	0	
C	Ivory_Coast	23	5	Defender	33	119	Trabzonspor	Didier_Zokora	0	
C	Ivory_Coast	23	7	Defender	21	1	Toulouse	Jean-Daniel_Akpa-Akpro	0	
C	Ivory_Coast	23	4	Defender	33	106	Liverpool	Kolo_Toure	0	
C	Ivory_Coast	23	2	Defender	27	3	caykur_Rizespor	Ousmane_Viera	0	
C	Ivory_Coast	23	17	Defender	21	8	Toulouse	Serge_Aurier	0	
C	Ivory_Coast	23	22	Defender	29	43	Trabzonspor	Sol_Bamba	0	
C	Ivory_Coast	23	9	Midfielder	27	44	Newcastle_United	Cheick_Tiote	0	
C	Ivory_Coast	23	13	Midfielder	30	25	Hannover_96	Didier_Ya_Konan	0	
C	Ivory_Coast	23	14	Midfielder	21	1	Saint-etienne	Ismael_Diomande	0	
C	Ivory_Coast	23	20	Midfielder	29	6	Basel	Serey_Die	0	
C	Ivory_Coast	23	19	Midfielder	31	83	Manchester_City	Yaya_Toure	0	
C	Ivory_Coast	23	11	Forward	36	100	Galatasaray	Didier_Drogba	1	
C	Ivory_Coast	23	10	Forward	27	53	Roma	Gervinho	0	
C	Ivory_Coast	23	21	Forward	25	7	Basel	Giovanni_Sio	0	
C	Ivory_Coast	23	6	Forward	23	3	Fortuna_Düsseldorf	Mathis_Bolly	0	
C	Ivory_Coast	23	15	Forward	26	25	Saint-etienne	Max_Gradel	0	
C	Ivory_Coast	23	8	Forward	28	64	Lille	Salomon_Kalou	0	
C	Ivory_Coast	23	12	Forward	25	24	Swansea_City	Wilfried_Bony	0	
C	Greece	12	1	Goalie	28	19	Granada	Orestis_Karnezis	0	
C	Greece	12	12	Goalie	28	2	PAOK	Panagiotis_Glykos	0	
C	Greece	12	13	Goalie	20	2	Panathinaikos	Stefanos_Kapino	0	
C	Greece	12	2	Midfielder	27	30	Olympiacos	Giannis_Maniatis	0	
C	Greece	12	3	Defender	26	13	PAOK	Giorgos_Tzavellas	0	
C	Greece	12	20	Defender	29	22	Olympiacos	Jose_Holebas	0	
C	Greece	12	4	Defender	22	9	Olympiacos	Kostas_Manolas	0	
C	Greece	12	11	Defender	33	50	Levante	Loukas_Vyntra	0	
C	Greece	12	19	Defender	25	47	Borussia_Dortmund	Sokratis_Papastathopoulos	0	
C	Greece	12	5	Defender	32	19	Verona	Vangelis_Moras	0	
C	Greece	12	15	Defender	28	66	Roma	Vasilis_Torosidis	0	
C	Greece	12	6	Midfielder	29	49	Kayserispor	Alexandros_Tziolis	0	
C	Greece	12	22	Midfielder	24	4	Olympiacos	Andreas_Samaris	0	
C	Greece	12	18	Midfielder	23	19	Genoa	Giannis_Fetfatzidis	0	
C	Greece	12	10	Midfielder	37	135	Fulham	Giorgos_Karagounis	1	
C	Greece	12	21	Midfielder	34	111	PAOK	Kostas_Katsouranis	0	
C	Greece	12	16	Midfielder	27	19	Bologna	Lazaros_Christodoulopoulos	0	
C	Greece	12	8	Midfielder	26	16	Bologna	Panagiotis_Kone	0	
C	Greece	12	23	Midfielder	23	6	Torino	Panagiotis_Tachtsidis	0	
C	Greece	12	14	Forward	32	76	PAOK	Dimitris_Salpingidis	0	
C	Greece	12	7	Forward	29	74	Celtic	Giorgos_Samaras	0	
C	Greece	12	9	Forward	26	32	Fulham	Kostas_Mitroglou	0	
C	Greece	12	17	Forward	34	72	Konyaspor	Theofanis_Gekas	0	
C	Japan	46	1	Goalie	31	56	Standard_Liege	Eiji_Kawashima	0	
C	Japan	46	23	Goalie	25	2	F.C._Tokyo	Shūichi_Gonda	0	
C	Japan	46	12	Goalie	27	12	Urawa_Red_Diamonds	Shusaku_Nishikawa	0	
C	Japan	46	2	Defender	26	67	Schalke_4	Atsuto_Uchida	0	
C	Japan	46	3	Defender	23	12	VfB_Stuttgart	Gōtoku_Sakai	0	
C	Japan	46	21	Defender	24	17	Hannover_96	Hiroki_Sakai	0	
C	Japan	46	19	Defender	30	21	Jubilo_Iwata	Masahiko_Inoha	0	
C	Japan	46	6	Defender	27	9	F.C._Tokyo	Masato_Morishige	0	
C	Japan	46	22	Defender	25	40	Southampton	Maya_Yoshida	0	
C	Japan	46	15	Defender	31	80	Gamba_Osaka	Yasuyuki_Konno	0	
C	Japan	46	5	Defender	27	69	Internazionale	Yuto_Nagatomo	0	
C	Japan	46	8	Midfielder	24	25	1._FC_Nürnberg	Hiroshi_Kiyotake	0	
C	Japan	46	16	Midfielder	23	11	Cerezo_Osaka	Hotaru_Yamaguchi	0	
C	Japan	46	4	Midfielder	27	55	Milan	Keisuke_Honda	0	
C	Japan	46	17	Midfielder	30	78	1._FC_Nürnberg	Makoto_Hasebe	1	
C	Japan	46	10	Midfielder	25	56	Manchester_United	Shinji_Kagawa	0	
C	Japan	46	14	Midfielder	28	5	Sanfrecce_Hiroshima	Toshihiro_Aoyama	0	
C	Japan	46	7	Midfielder	34	143	Gamba_Osaka	Yasuhito_Endō	0	
C	Japan	46	20	Forward	24	4	Yokohama_F._Marinos	Manabu_Saitō	0	
C	Japan	46	9	Forward	28	75	Mainz_5	Shinji_Okazaki	0	
C	Japan	46	11	Forward	24	11	Cerezo_Osaka	Yoichiro_Kakitani	0	
C	Japan	46	13	Forward	31	56	Kawasaki_Frontale	Yoshito_Ōkubo	0	
C	Japan	46	18	Forward	24	8	1860_München	Yuya_Osako	0	
D	England	10	13	Goalie	31	6	West_Bromwich_Albion	Ben_Foster	0	
D	England	10	22	Goalie	26	1	Celtic	Fraser_Forster	0	
D	England	10	1	Goalie	27	40	Manchester_City	Joe_Hart	0	
D	England	10	12	Defender	24	11	Manchester_United	Chris_Smalling	0	
D	England	10	5	Defender	28	23	Chelsea	Gary_Cahill	0	
D	England	10	2	Defender	29	51	Liverpool	Glen_Johnson	0	
D	England	10	3	Defender	29	23	Everton	Leighton_Baines	0	
D	England	10	23	Defender	18	1	Southampton	Luke_Shaw	0	
D	England	10	6	Defender	31	25	Everton	Phil_Jagielka	0	
D	England	10	16	Defender	22	9	Manchester_United	Phil_Jones	0	
D	England	10	20	Midfielder	26	4	Southampton	Adam_Lallana	0	
D	England	10	15	Midfielder	20	14	Arsenal	Alex_Oxlade-Chamberlain	0	
D	England	10	8	Midfielder	35	103	Chelsea	Frank_Lampard	0	
D	England	10	7	Midfielder	22	16	Arsenal	Jack_Wilshere	0	
D	England	10	17	Midfielder	28	46	Manchester_City	James_Milner	0	
D	England	10	14	Midfielder	23	9	Liverpool	Jordan_Henderson	0	
D	England	10	19	Midfielder	19	3	Liverpool	Raheem_Sterling	0	
D	England	10	21	Midfielder	20	4	Everton	Ross_Barkley	0	
D	England	10	4	Midfielder	34	110	Liverpool	Steven_Gerrard	1	
D	England	10	9	Forward	24	11	Liverpool	Daniel_Sturridge	0	
D	England	10	11	Forward	23	22	Manchester_United	Danny_Welbeck	0	
D	England	10	18	Forward	32	4	Southampton	Rickie_Lambert	0	
D	England	10	10	Forward	28	90	Manchester_United	Wayne_Rooney	0	
D	Costa_Rica	28	23	Goalie	28	2	Herediano	Daniel_Cambronero	0	
D	Costa_Rica	28	1	Goalie	27	53	Levante	Keylor_Navas	0	
D	Costa_Rica	28	18	Goalie	32	21	Alajuelense	Patrick_Pemberton	0	
D	Costa_Rica	28	16	Defender	24	24	Rosenborg	Cristian_Gamboa	0	
D	Costa_Rica	28	3	Defender	26	34	Columbus_Crew	Giancarlo_Gonzalez	0	
D	Costa_Rica	28	8	Defender	29	22	Saprissa	Heiner_Mora	0	
D	Costa_Rica	28	2	Defender	30	27	Alajuelense	Johnny_Acosta	0	
D	Costa_Rica	28	15	Defender	30	58	Mainz_5	Junior_Diaz	0	
D	Costa_Rica	28	4	Defender	31	79	Saprissa	Michael_Umana	0	
D	Costa_Rica	28	6	Defender	25	11	Club_Brugge	Oscar_Duarte	0	
D	Costa_Rica	28	19	Defender	29	47	New_York_Red_Bulls	Roy_Miller	0	
D	Costa_Rica	28	12	Defender	23	1	Columbus_Crew	Waylon_Francis	0	
D	Costa_Rica	28	5	Midfielder	26	63	AIK	Celso_Borges	0	
D	Costa_Rica	28	7	Midfielder	30	55	Copenhagen	Christian_Bolanos	0	
D	Costa_Rica	28	20	Midfielder	23	10	Vålerenga	Diego_Calvo	0	
D	Costa_Rica	28	13	Midfielder	28	11	Herediano	Esteban_Granados	0	
D	Costa_Rica	28	22	Midfielder	27	36	Herediano	Jose_Miguel_Cubero	0	
D	Costa_Rica	28	11	Midfielder	30	51	Aalesund	Michael_Barrantes	0	
D	Costa_Rica	28	17	Midfielder	22	22	Saprissa	Yeltsin_Tejeda	0	
D	Costa_Rica	28	10	Forward	28	62	PSV	Bryan_Ruiz	1	
D	Costa_Rica	28	9	Forward	21	33	Olympiacos	Joel_Campbell	0	
D	Costa_Rica	28	21	Forward	24	25	Kuban_Krasnodar	Marco_Urena	0	
D	Costa_Rica	28	14	Forward	30	37	Cartagines	Randall_Brenes	0	
D	Italy	9	1	Goalie	36	139	Juventus	Gianluigi_Buffon	1	
D	Italy	9	13	Goalie	21	0	Genoa	Mattia_Perin	0	
D	Italy	9	12	Goalie	27	8	Paris_Saint-Germain	Salvatore_Sirigu	0	
D	Italy	9	15	Defender	33	47	Juventus	Andrea_Barzagli	0	
D	Italy	9	20	Defender	28	2	Parma	Gabriel_Paletta	0	
D	Italy	9	3	Defender	29	67	Juventus	Giorgio_Chiellini	0	
D	Italy	9	7	Defender	27	19	Milan	Ignazio_Abate	0	
D	Italy	9	19	Defender	27	36	Juventus	Leonardo_Bonucci	0	
D	Italy	9	4	Defender	24	1	Torino	Matteo_Darmian	0	
D	Italy	9	2	Defender	21	10	Milan	Mattia_De_Sciglio	0	
D	Italy	9	14	Midfielder	29	34	Fiorentina	Alberto_Aquilani	0	
D	Italy	9	21	Midfielder	35	108	Juventus	Andrea_Pirlo	0	
D	Italy	9	6	Midfielder	27	19	Lazio	Antonio_Candreva	0	
D	Italy	9	8	Midfielder	28	43	Juventus	Claudio_Marchisio	0	
D	Italy	9	16	Midfielder	30	94	Roma	Daniele_De_Rossi	0	
D	Italy	9	18	Midfielder	29	3	Parma	Marco_Parolo	0	
D	Italy	9	23	Midfielder	21	5	Paris_Saint-Germain	Marco_Verratti	0	
D	Italy	9	5	Midfielder	31	20	Paris_Saint-Germain	Thiago_Motta	0	
D	Italy	9	11	Forward	26	11	Torino	Alessio_Cerci	0	
D	Italy	9	10	Forward	31	36	Parma	Antonio_Cassano	0	
D	Italy	9	17	Forward	24	2	Torino	Ciro_Immobile	0	
D	Italy	9	22	Forward	23	4	Napoli	Lorenzo_Insigne	0	
D	Italy	9	9	Forward	23	29	Milan	Mario_Balotelli	0	
D	Uruguay	7	1	Goalie	27	57	Galatasaray	Fernando_Muslera	0	
D	Uruguay	7	23	Goalie	31	4	Vasco_da_Gama	Martin_Silva	0	
D	Uruguay	7	12	Goalie	32	0	Libertad	Rodrigo_Munoz	0	
D	Uruguay	7	3	Defender	28	76	Atletico_Madrid	Diego_Godin	0	
D	Uruguay	7	2	Defender	33	93	West_Bromwich_Albion	Diego_Lugano	1	
D	Uruguay	7	13	Defender	29	41	Porto	Jorge_Fucile	0	
D	Uruguay	7	19	Defender	19	5	Atletico_Madrid	Jose_Maria_Gimenez	0	
D	Uruguay	7	22	Defender	27	56	Juventus	Martin_Caceres	0	
D	Uruguay	7	16	Defender	29	89	Benfica	Maxi_Pereira	0	
D	Uruguay	7	4	Defender	23	14	Nacional	Sebastian_Coates	0	
D	Uruguay	7	20	Midfielder	29	42	Lazio	alvaro_Gonzalez	0	
D	Uruguay	7	6	Midfielder	28	56	São_Paulo	alvaro_Pereira	0	
D	Uruguay	7	7	Midfielder	28	72	Atletico_Madrid	Cristian_Rodriguez	0	
D	Uruguay	7	15	Midfielder	34	89	Bologna	Diego_Perez	0	
D	Uruguay	7	17	Midfielder	32	54	Morelia	Egidio_Arevalo_Rios	0	
D	Uruguay	7	18	Midfielder	23	28	Southampton	Gaston_Ramirez	0	
D	Uruguay	7	14	Midfielder	25	26	Botafogo	Nicolas_Lodeiro	0	
D	Uruguay	7	5	Midfielder	29	62	Parma	Walter_Gargano	0	
D	Uruguay	7	8	Forward	23	12	Palermo	Abel_Hernandez	0	
D	Uruguay	7	11	Forward	27	9	Espanyol	Christian_Stuani	0	
D	Uruguay	7	10	Forward	35	109	Cerezo_Osaka	Diego_Forlan	0	
D	Uruguay	7	21	Forward	27	61	Paris_Saint-Germain	Edinson_Cavani	0	
D	Uruguay	7	9	Forward	27	77	Liverpool	Luis_Suarez	0	
E	Ecuador	26	12	Goalie	25	3	El_Nacional	Adrian_Bone	0	
E	Ecuador	26	22	Goalie	27	18	LDU_Quito	Alexander_Dominguez	0	
E	Ecuador	26	1	Goalie	28	24	Barcelona	Maximo_Banguera	0	
E	Ecuador	26	3	Defender	26	36	Flamengo	Frickson_Erazo	0	
E	Ecuador	26	21	Defender	29	22	Emelec	Gabriel_Achilier	0	
E	Ecuador	26	2	Defender	32	58	Emelec	Jorge_Guagua	0	
E	Ecuador	26	4	Defender	26	37	Barcelona	Juan_Carlos_Paredes	0	
E	Ecuador	26	18	Defender	31	21	Emelec	oscar_Bagüi	0	
E	Ecuador	26	10	Defender	34	89	Pachuca	Walter_Ayovi	0	
E	Ecuador	26	16	Midfielder	28	70	Manchester_United	Antonio_Valencia	1	
E	Ecuador	26	23	Midfielder	19	2	VfB_Stuttgart	Carlos_Gruezo	0	
E	Ecuador	26	6	Midfielder	29	41	Dynamo_Moscow	Christian_Noboa	0	
E	Ecuador	26	8	Midfielder	35	109	Santa_Fe	Edison_Mendez	0	
E	Ecuador	26	20	Midfielder	24	8	Tijuana	Fidel_Martinez	0	
E	Ecuador	26	7	Midfielder	24	39	Morelia	Jefferson_Montero	0	
E	Ecuador	26	9	Midfielder	24	29	Cruz_Azul	Joao_Rojas	0	
E	Ecuador	26	19	Midfielder	30	48	Barcelona	Luis_Saritama	0	
E	Ecuador	26	15	Midfielder	27	20	Atlante	Michael_Arroyo	0	
E	Ecuador	26	5	Midfielder	23	17	Vitesse	Renato_Ibarra	0	
E	Ecuador	26	14	Midfielder	32	81	Al-Hilal	Segundo_Castillo	0	
E	Ecuador	26	13	Forward	25	9	Pachuca	Enner_Valencia	0	
E	Ecuador	26	11	Forward	25	49	Al-Jazira	Felipe_Caicedo	0	
E	Ecuador	26	17	Forward	26	30	Tijuana	Jaime_Ayovi	0	
E	France	17	1	Goalie	27	56	Tottenham_Hotspur	Hugo_Lloris	1	
E	France	17	23	Goalie	35	11	Bastia	Mickael_Landreau	0	
E	France	17	16	Goalie	27	2	Saint-etienne	Stephane_Ruffier	0	
E	France	17	15	Defender	31	40	Arsenal	Bacary_Sagna	0	
E	France	17	13	Defender	23	3	Porto	Eliaquim_Mangala	0	
E	France	17	21	Defender	28	17	Arsenal	Laurent_Koscielny	0	
E	France	17	17	Defender	20	2	Paris_Saint-Germain	Lucas_Digne	0	
E	France	17	5	Defender	24	18	Liverpool	Mamadou_Sakho	0	
E	France	17	2	Defender	28	20	Newcastle_United	Mathieu_Debuchy	0	
E	France	17	3	Defender	33	57	Manchester_United	Patrice_Evra	0	
E	France	17	4	Defender	21	5	Real_Madrid	Raphael_Varane	0	
E	France	17	11	Midfielder	23	3	Real_Sociedad	Antoine_Griezmann	0	
E	France	17	14	Midfielder	27	22	Paris_Saint-Germain	Blaise_Matuidi	0	
E	France	17	22	Midfielder	24	1	Southampton	Morgan_Schneiderlin	0	
E	France	17	7	Midfielder	24	1	Montpellier	Remy_Cabella	0	
E	France	17	8	Midfielder	29	33	Marseille	Mathieu_Valbuena	0	
E	France	17	18	Midfielder	24	16	Newcastle_United	Moussa_Sissoko	0	
E	France	17	19	Midfielder	21	10	Juventus	Paul_Pogba	0	
E	France	17	12	Midfielder	30	11	Lille	Rio_Mavuba	0	
E	France	17	6	Midfielder	28	29	Paris_Saint-Germain	Yohan_Cabaye	0	
E	France	17	10	Forward	26	65	Real_Madrid	Karim_Benzema	0	
E	France	17	20	Forward	27	24	Newcastle_United	Loec_Remy	0	
E	France	17	9	Forward	27	29	Arsenal	Olivier_Giroud	0	
E	Honduras	33	22	Goalie	34	26	Olimpia	Donis_Escober	0	
E	Honduras	33	1	Goalie	20	0	Real_Espana	Luis_Lopez	0	
E	Honduras	33	18	Goalie	37	121	Olimpia	Noel_Valladares	1	
E	Honduras	33	23	Defender	28	22	Olimpia	Brayan_Beckeles	0	
E	Honduras	33	7	Defender	28	67	Celtic	Emilio_Izaguirre	0	
E	Honduras	33	6	Defender	26	33	Wigan_Athletic	Juan_Carlos_Garcia	0	
E	Honduras	33	4	Defender	28	11	Motagua	Juan_Pablo_Montes	0	
E	Honduras	33	3	Defender	31	104	Hull_City	Maynor_Figueroa	0	
E	Honduras	33	2	Defender	29	54	Qingdao_Jonoon	Osman_Chavez	0	
E	Honduras	33	5	Defender	32	77	San_Jose_Earthquakes	Victor_Bernardez	0	
E	Honduras	33	21	Midfielder	21	16	Anderlecht	Andy_Najar	0	
E	Honduras	33	12	Midfielder	27	25	Real_Espana	Edder_Delgado	0	
E	Honduras	33	20	Midfielder	28	48	Motagua	Jorge_Claros	0	
E	Honduras	33	19	Midfielder	23	19	Olimpia	Luis_Garrido	0	
E	Honduras	33	10	Midfielder	24	35	Real_Espana	Mario_Martinez	0	
E	Honduras	33	17	Midfielder	30	41	Chivas_USA	Marvin_Chavez	0	
E	Honduras	33	14	Midfielder	29	92	Houston_Dynamo	oscar_Garcia	0	
E	Honduras	33	15	Midfielder	27	41	Wigan_Athletic	Roger_Espinoza	0	
E	Honduras	33	8	Midfielder	29	94	Stoke_City	Wilson_Palacios	0	
E	Honduras	33	13	Forward	31	69	Real_Espana	Carlo_Costly	0	
E	Honduras	33	11	Forward	27	43	New_Angleterre_Revolution	Jerry_Bengtson	0	
E	Honduras	33	9	Forward	32	23	Alajuelense	Jerry_Palacios	0	
E	Honduras	33	16	Forward	25	12	Real_Sociedad	Rony_Martinez	0	
E	Switzerland	6	1	Goalie	30	56	VfL_Wolfsburg	Diego_Benaglio	0	
E	Switzerland	6	21	Goalie	23	0	Grasshopper	Roman_Bürki	0	
E	Switzerland	6	12	Goalie	25	6	Basel	Yann_Sommer	0	
E	Switzerland	6	22	Defender	22	5	Basel	Fabian_Schär	0	
E	Switzerland	6	20	Defender	27	44	Hamburger_SV	Johan_Djourou	0	
E	Switzerland	6	6	Defender	23	5	Grasshopper	Michael_Lang	0	
E	Switzerland	6	4	Defender	29	53	Valencia	Philippe_Senderos	0	
E	Switzerland	6	3	Defender	28	35	Sassuolo	Reto_Ziegler	0	
E	Switzerland	6	13	Defender	21	20	VfL_Wolfsburg	Ricardo_Rodriguez	0	
E	Switzerland	6	2	Defender	30	62	Juventus	Stephan_Lichtsteiner	0	
E	Switzerland	6	5	Defender	30	40	Young_Boys	Steve_von_Bergen	0	
E	Switzerland	6	15	Midfielder	28	33	Napoli	Blerim_Dzemaili	0	
E	Switzerland	6	16	Midfielder	27	47	SC_Freiburg	Gelson_Fernandes	0	
E	Switzerland	6	8	Midfielder	29	71	Napoli	Gökhan_Inler	1	
E	Switzerland	6	10	Midfielder	21	25	Borussia_Mönchengladbach	Granit_Xhaka	0	
E	Switzerland	6	7	Midfielder	29	73	Eintracht_Frankfurt	Tranquillo_Barnetta	0	
E	Switzerland	6	14	Midfielder	25	23	Basel	Valentin_Stocker	0	
E	Switzerland	6	11	Midfielder	29	47	Napoli	Valon_Behrami	0	
E	Switzerland	6	23	Midfielder	22	32	Bayern_Munich	Xherdan_Shaqiri	0	
E	Switzerland	6	18	Forward	23	20	SC_Freiburg	Admir_Mehmedi	0	
E	Switzerland	6	9	Forward	22	10	Real_Sociedad	Haris_Seferovic	0	
E	Switzerland	6	19	Forward	21	6	1._FC_Nürnberg	Josip_Drmic	0	
E	Switzerland	6	17	Forward	24	10	Zürich	Mario_Gavranovic	0	
F	Argentina	5	12	Goalie	32	3	Boca_Juniors	Agustin_Orion	0	
F	Argentina	5	21	Goalie	30	10	Catania	Mariano_Andujar	0	
F	Argentina	5	1	Goalie	27	45	Monaco	Sergio_Romero	0	
F	Argentina	5	2	Defender	27	18	Benfica	Ezequiel_Garay	0	
F	Argentina	5	17	Defender	25	24	Napoli	Federico_Fernandez	0	
F	Argentina	5	3	Defender	33	13	Internazionale	Hugo_Campagnaro	0	
F	Argentina	5	23	Defender	30	8	Monterrey	Jose_Maria_Basanta	0	
F	Argentina	5	16	Defender	24	20	Sporting	Marcos_Rojo	0	
F	Argentina	5	15	Defender	33	37	Manchester_City	Martin_Demichelis	0	
F	Argentina	5	4	Defender	29	36	Manchester_City	Pablo_Zabaleta	0	
F	Argentina	5	7	Midfielder	26	45	Real_Madrid	angel_di_Maria	0	
F	Argentina	5	13	Midfielder	28	7	Celta_Vigo	Augusto_Fernandez	0	
F	Argentina	5	8	Midfielder	28	5	Benfica	Enzo_Perez	0	
F	Argentina	5	5	Midfielder	28	47	Boca_Juniors	Fernando_Gago	0	
F	Argentina	5	14	Midfielder	29	96	Barcelona	Javier_Mascherano	0	
F	Argentina	5	6	Midfielder	28	16	Lazio	Lucas_Biglia	0	
F	Argentina	5	11	Midfielder	33	53	Newell's_Old_Boys	Maxi_Rodriguez	0	
F	Argentina	5	19	Midfielder	26	5	Internazionale	Ricardo_alvarez	0	
F	Argentina	5	22	Forward	29	29	Paris_Saint-Germain	Ezequiel_Lavezzi	0	
F	Argentina	5	9	Forward	26	36	Napoli	Gonzalo_Higuain	0	
F	Argentina	5	10	Forward	26	84	Barcelona	Lionel_Messi	1	
F	Argentina	5	18	Forward	32	15	Internazionale	Rodrigo_Palacio	0	
F	Argentina	5	20	Forward	26	50	Manchester_City	Sergio_Agüero	0	
F	Bosnia-Herzegovina	21	22	Goalie	33	3	and_Herzegovina_Borac_Banja	Asmir_Avdukic	0	
F	Bosnia-Herzegovina	21	1	Goalie	26	30	Stoke_City	Asmir_Begovic	0	
F	Bosnia-Herzegovina	21	12	Goalie	28	0	VfR_Aalen	Jasmin_Fejzic	0	
F	Bosnia-Herzegovina	21	2	Defender	28	13	Hajduk_Split	Avdija_Vrsajevic	0	
F	Bosnia-Herzegovina	21	4	Defender	33	74	Bayer_Leverkusen	Emir_Spahic	1	
F	Bosnia-Herzegovina	21	3	Defender	24	7	Eintracht_Braunschweig	Ermin_Bicakcic	0	
F	Bosnia-Herzegovina	21	13	Defender	30	24	SC_Freiburg	Mensur_Mujdza	0	
F	Bosnia-Herzegovina	21	7	Defender	21	9	Ferencvaros	Muhamed_Besic	0	
F	Bosnia-Herzegovina	21	6	Defender	24	13	Elazığspor	Ognjen_Vranjes	0	
F	Bosnia-Herzegovina	21	5	Defender	20	4	Schalke_4	Sead_Kolasinac	0	
F	Bosnia-Herzegovina	21	15	Defender	25	7	Zorya_Luhansk	Toni_sunjic	0	
F	Bosnia-Herzegovina	21	20	Midfielder	24	2	Sturm_Graz	Anel_Hadzic	0	
F	Bosnia-Herzegovina	21	18	Midfielder	29	35	Gaziantepspor	Haris_Medunjanin	0	
F	Bosnia-Herzegovina	21	14	Midfielder	22	7	Galatasaray	Izet_Hajrovic	0	
F	Bosnia-Herzegovina	21	8	Midfielder	24	48	Roma	Miralem_Pjanic	0	
F	Bosnia-Herzegovina	21	23	Midfielder	29	42	1899_Hoffenheim	Sejad_Salihovic	0	
F	Bosnia-Herzegovina	21	16	Midfielder	28	33	Lazio	Senad_Lulic	0	
F	Bosnia-Herzegovina	21	17	Midfielder	28	42	Kayseri_Erciyesspor	Senijad_Ibricic	0	
F	Bosnia-Herzegovina	21	21	Midfielder	22	2	Hajduk_Split	Tino-Sven_Susic	0	
F	Bosnia-Herzegovina	21	10	Midfielder	32	82	Guizhou_Renhe	Zvjezdan_Misimovic	0	
F	Bosnia-Herzegovina	21	11	Forward	28	62	Manchester_City	Edin_Dzeko	0	
F	Bosnia-Herzegovina	21	19	Forward	24	10	İstanbul_BB	Edin_Visca	0	
F	Bosnia-Herzegovina	21	9	Forward	29	55	VfB_Stuttgart	Vedad_Ibisevic	0	
F	Iran	43	12	Goalie	26	5	Sporting_Covilhã	Alireza_Haghighi	0	
F	Iran	43	22	Goalie	26	4	Eintracht_Braunschweig	Daniel_Davari	0	
F	Iran	43	1	Goalie	33	10	Sepahan	Rahman_Ahmadi	0	
F	Iran	43	17	Defender	31	9	Naft_Tehran	Ahmad_Alnameh	0	
F	Iran	43	5	Defender	32	16	Esteghlal	Amir_Hossein_Sadeghi	0	
F	Iran	43	19	Defender	30	17	Esteghlal	Hashem_Beikzadeh	0	
F	Iran	43	13	Defender	27	21	Persepolis	Hossein_Mahini	0	
F	Iran	43	4	Defender	32	84	Persepolis	Jalal_Hosseini	0	
F	Iran	43	23	Defender	27	19	Persepolis	Mehrdad_Pouladi	0	
F	Iran	43	15	Defender	30	21	Umm_Salal	Pejman_Montazeri	0	
F	Iran	43	20	Defender	27	6	Vancouver_Whitecaps	Steven_Beitashour	0	
F	Iran	43	14	Midfielder	31	78	Esteghlal	Andranik_Teymourian	0	
F	Iran	43	21	Midfielder	27	13	Fulham	Ashkan_Dejagah	0	
F	Iran	43	18	Midfielder	22	4	Foolad	Bakhtiar_Rahmani	0	
F	Iran	43	3	Midfielder	24	61	Sepahan	Ehsan_Hajsafi	0	
F	Iran	43	11	Midfielder	30	16	Zob_Ahan	Ghasem_Haddadifar	0	
F	Iran	43	6	Midfielder	33	139	Al-Kuwait	Javad_Nekounam	1	
F	Iran	43	2	Midfielder	30	48	Esteghlal	Khosro_Heydari	0	
F	Iran	43	7	Midfielder	29	49	Las_Palmas	Masoud_Shojaei	0	
F	Iran	43	8	Midfielder	25	7	Persepolis	Reza_Haghighi	0	
F	Iran	43	9	Forward	20	6	NEC	Alireza_Jahanbakhsh	0	
F	Iran	43	10	Forward	24	41	Tractor_Sazi	Karim_Ansarifard	0	
F	Iran	43	16	Forward	26	13	Charlton_Athletic	Reza_Ghoochannejhad	0	
F	Nigeria	44	16	Goalie	30	32	Hapoel_Be'er_Sheva	Austin_Ejide	0	
F	Nigeria	44	21	Goalie	29	11	Gombe_United	Chigozie_Agbim	0	
F	Nigeria	44	1	Goalie	31	90	Lille	Vincent_Enyeama	1	
F	Nigeria	44	6	Defender	24	32	Warri_Wolves	Azubuike_Egwuekwe	0	
F	Nigeria	44	5	Defender	25	36	Celtic	Efe_Ambrose	0	
F	Nigeria	44	14	Defender	23	35	caykur_Rizespor	GoDefenderrey_Oboabona	0	
F	Nigeria	44	2	Defender	33	96	Norwich_City	Joseph_Yobo	0	
F	Nigeria	44	13	Defender	23	10	Ashdod	Juwon_Oshaniwa	0	
F	Nigeria	44	22	Defender	20	17	Middlesbrough	Kenneth_Omeruo	0	
F	Nigeria	44	12	Defender	24	10	Sunshine_Stars	Kunle_Odunlami	0	
F	Nigeria	44	3	Defender	26	42	Monaco	Uwa_Elderson_Echiejile	0	
F	Nigeria	44	10	Midfielder	27	59	Chelsea	John_Obi_Mikel	0	
F	Nigeria	44	18	Midfielder	21	4	Volyn_Lutsk	Michael_Babatunde	0	
F	Nigeria	44	17	Midfielder	21	20	Lazio	Ogenyi_Onazi	0	
F	Nigeria	44	15	Midfielder	21	1	Almeria	Ramon_Azeez	0	
F	Nigeria	44	4	Midfielder	23	11	Waasland-Beveren	Reuben_Gabriel	0	
F	Nigeria	44	11	Midfielder	23	20	Liverpool	Victor_Moses	0	
F	Nigeria	44	7	Forward	21	35	CSKA_Moscow	Ahmed_Musa	0	
F	Nigeria	44	9	Forward	27	22	Fenerbahce	Emmanuel_Emenike	0	
F	Nigeria	44	20	Forward	24	3	Cercle_Brugge	Michael_Uchebo	0	
F	Nigeria	44	8	Forward	32	60	Stoke_City	Peter_Odemwingie	0	
F	Nigeria	44	23	Forward	32	6	Newcastle_United	Shola_Ameobi	0	
F	Nigeria	44	19	Forward	22	6	Heerenveen	Uche_Nwofor	0	
G	Germany	2	1	Goalie	28	45	Bayern_Munich	Manuel_Neuer	0	
G	Germany	2	22	Goalie	33	2	Borussia_Dortmund	Roman_Weidenfeller	0	
G	Germany	2	12	Goalie	25	3	Hannover_96	Ron-Robert_Zieler	0	
G	Germany	2	4	Defender	26	20	Schalke_4	Benedikt_Höwedes	0	
G	Germany	2	15	Defender	22	1	Borussia_Dortmund	Erik_Durm	0	
G	Germany	2	20	Defender	25	38	Bayern_Munich	Jerôme_Boateng	0	
G	Germany	2	2	Defender	25	4	Borussia_Dortmund	Kevin_Großkreutz	0	
G	Germany	2	5	Defender	25	29	Borussia_Dortmund	Mats_Hummels	0	
G	Germany	2	17	Defender	29	97	Arsenal	Per_Mertesacker	0	
G	Germany	2	16	Defender	30	105	Bayern_Munich	Philipp_Lahm	1	
G	Germany	2	9	Midfielder	23	32	Chelsea	Andre_Schürrle	0	
G	Germany	2	7	Midfielder	29	101	Bayern_Munich	Bastian_Schweinsteiger	0	
G	Germany	2	23	Midfielder	23	2	Borussia_Mönchengladbach	Christoph_Kramer	0	
G	Germany	2	14	Midfielder	20	11	Schalke_4	Julian_Draxler	0	
G	Germany	2	19	Midfielder	22	28	Bayern_Munich	Mario_Götze	0	
G	Germany	2	3	Midfielder	20	2	SC_Freiburg	Matthias_Ginter	0	
G	Germany	2	8	Midfielder	25	54	Arsenal	Mesut_Özil	0	
G	Germany	2	6	Midfielder	27	45	Real_Madrid	Sami_Khedira	0	
G	Germany	2	13	Midfielder	24	48	Bayern_Munich	Thomas_Müller	0	
G	Germany	2	18	Midfielder	24	43	Bayern_Munich	Toni_Kroos	0	
G	Germany	2	10	Forward	29	113	Arsenal	Lukas_Podolski	0	
G	Germany	2	11	Forward	35	131	Lazio	Miroslav_Klose	0	
G	Germany	2	21	Defender	22	1	Sampdoria	Shkodran_Mustafi	0	
G	USA	13	12	Goalie	29	25	Aston_Villa	Brad_Guzan	0	
G	USA	13	22	Goalie	34	14	Real_Salt_Lake	Nick_Rimando	0	
G	USA	13	1	Goalie	35	99	Everton	Tim_Howard	0	
G	USA	13	7	Defender	32	115	Puebla	DaMarcus_Beasley	0	
G	USA	13	2	Defender	20	4	Seattle_Sounders_FC	DeAndre_Yedlin	0	
G	USA	13	23	Defender	26	21	1899_Hoffenheim	Fabian_Johnson	0	
G	USA	13	20	Defender	28	26	Stoke_City	Geoff_Cameron	0	
G	USA	13	6	Defender	21	4	Hertha_BSC	John_Brooks	0	
G	USA	13	5	Defender	27	16	Sporting_Kansas_City	Matt_Besler	0	
G	USA	13	3	Defender	25	19	Los_Angeles_Galaxy	Omar_Gonzalez	0	
G	USA	13	21	Defender	24	12	1._FC_Nürnberg	Timothy_Chandler	0	
G	USA	13	11	Midfielder	27	27	Nantes	Alejandro_Bedoya	0	
G	USA	13	14	Midfielder	32	16	Houston_Dynamo	Brad_Davis	0	
G	USA	13	19	Midfielder	27	22	Sporting_Kansas_City	Graham_Zusi	0	
G	USA	13	13	Midfielder	32	41	Besiktas	Jermaine_Jones	0	
G	USA	13	16	Midfielder	19	2	Bayern_Munich	Julian_Green	0	
G	USA	13	15	Midfielder	32	36	Real_Salt_Lake	Kyle_Beckerman	0	
G	USA	13	4	Midfielder	26	85	Toronto_FC	Michael_Bradley	0	
G	USA	13	10	Midfielder	23	19	Rosenborg	Mikkel_Diskerud	0	
G	USA	13	9	Forward	23	8	AZ	Aron_Johannsson	0	
G	USA	13	18	Forward	31	20	San_Jose_Earthquakes	Chris_Wondolowski	0	
G	USA	13	8	Forward	31	104	Seattle_Sounders_FC	Clint_Dempsey	1	
G	USA	13	17	Forward	24	69	Sunderland	Jozy_Altidore	0	
G	Ghana	37	12	Goalie	26	21	Strømsgodset	Adam_Kwarasey	0	
G	Ghana	37	16	Goalie	29	17	Orlando_Pirates	Fatau_Dauda	0	
G	Ghana	37	1	Goalie	24	7	Aduana_Stars	Steven_Adams	0	
G	Ghana	37	4	Defender	23	16	Standard_Liege	Daniel_Opare	0	
G	Ghana	37	23	Defender	27	40	Esperance	Harrison_Afful	0	
G	Ghana	37	21	Defender	27	29	Rennes	John_Boye	0	
G	Ghana	37	19	Defender	23	26	evian	Jonathan_Mensah	0	
G	Ghana	37	15	Defender	21	6	Mamelodi_Sundowns	Rashid_Sumaila	0	
G	Ghana	37	2	Defender	25	46	Platanias	Samuel_Inkoom	0	
G	Ghana	37	6	Midfielder	22	4	Parma	Acquah_Afriyie	0	
G	Ghana	37	14	Midfielder	26	14	Middlesbrough	Albert_Adomah	0	
G	Ghana	37	10	Midfielder	24	48	Marseille	Andre_Ayew	0	
G	Ghana	37	7	Midfielder	22	22	Vitesse	Christian_Atsu	0	
G	Ghana	37	8	Midfielder	23	48	Udinese	Emmanuel_Agyemang-Badu	0	
G	Ghana	37	20	Midfielder	25	61	Juventus	Kwadwo_Asamoah	0	
G	Ghana	37	5	Midfielder	31	57	Milan	Michael_Essien	0	
G	Ghana	37	17	Midfielder	24	16	Kuban_Krasnodar	Mohammed_Rabiu	0	
G	Ghana	37	11	Midfielder	29	81	Milan	Sulley_Muntari	0	
G	Ghana	37	22	Midfielder	23	16	Rubin_Kazan	Wakaso_Mubarak	0	
G	Ghana	37	3	Forward	28	78	Al-Ain	Asamoah_Gyan	1	
G	Ghana	37	13	Forward	22	12	Sochaux	Jordan_Ayew	0	
G	Ghana	37	9	Forward	27	12	Schalke_4	Kevin-Prince_Boateng	0	
G	Ghana	37	18	Forward	22	9	Valenciennes	Majeed_Waris	0	
G	Portugal	4	22	Goalie	32	7	Sevilla	Beto	0	
G	Portugal	4	1	Goalie	31	33	Braga	Eduardo	0	
G	Portugal	4	12	Goalie	26	29	Sporting	Rui_Patricio	0	
G	Portugal	4	19	Defender	23	3	Benfica	Andre_Almeida	0	
G	Portugal	4	2	Defender	32	71	Fenerbahce	Bruno_Alves	0	
G	Portugal	4	5	Defender	26	43	Real_Madrid	Fabio_Coentrão	0	
G	Portugal	4	21	Defender	30	35	Valencia	João_Pereira	0	
G	Portugal	4	14	Defender	26	7	Zenit_Saint_Petersburg	Luis_Neto	0	
G	Portugal	4	3	Defender	31	57	Real_Madrid	Pepe	0	
G	Portugal	4	13	Defender	33	18	Valencia	Ricardo_Costa	0	
G	Portugal	4	8	Midfielder	27	66	Monaco	João_Moutinho	0	
G	Portugal	4	4	Midfielder	28	47	Dynamo_Kyiv	Miguel_Veloso	0	
G	Portugal	4	17	Midfielder	27	73	Manchester_United	Nani	0	
G	Portugal	4	15	Midfielder	21	2	Braga	Rafa_Silva	0	
G	Portugal	4	16	Midfielder	31	73	Fenerbahce	Raul_Meireles	0	
G	Portugal	4	20	Midfielder	29	11	Benfica	Ruben_Amorim	0	
G	Portugal	4	18	Midfielder	29	22	Porto	Silvestre_Varela	0	
G	Portugal	4	10	Midfielder	28	7	VfL_Wolfsburg	Vieirinha	0	
G	Portugal	4	6	Midfielder	22	3	Sporting	William_Carvalho	0	
G	Portugal	4	7	Forward	29	110	Real_Madrid	Cristiano_Ronaldo	1	
G	Portugal	4	11	Forward	26	7	Braga	eder	0	
G	Portugal	4	23	Forward	31	67	Lazio	Helder_Postiga	0	
G	Portugal	4	9	Forward	30	54	Besiktas	Hugo_Almeida	0	
H	Algeria	22	1	Goalie	29	1	CS_Constantine	Cedric_Si_Mohamed	0	
H	Algeria	22	16	Goalie	29	7	USM_Alger	Mohamed_Zemmamouche	0	
H	Algeria	22	23	Goalie	28	27	CSKA_Sofia	Raes_M'Bolhi	0	
H	Algeria	22	20	Defender	22	2	Reims	Aissa_Mandi	0	
H	Algeria	22	7	Defender	29	25	Valenciennes	Carl_Medjani	0	
H	Algeria	22	6	Defender	29	26	Livorno	Djamel_Mesbah	0	
H	Algeria	22	4	Defender	25	13	Watford	Essaed_Belkalem	0	
H	Algeria	22	3	Defender	23	5	Napoli	Faouzi_Ghoulam	0	
H	Algeria	22	17	Defender	26	6	Mallorca	Liassine_Cadamuro-Bentaeba	0	
H	Algeria	22	2	Defender	31	61	Lekhwiya	Madjid_Bougherra	1	
H	Algeria	22	5	Defender	27	28	Academica	Rafik_Halliche	0	
H	Algeria	22	18	Midfielder	27	76	Club_Africain	Abdelmoumene_Djabou	0	
H	Algeria	22	8	Midfielder	30	24	Udinese	Hassan_Yebda	0	
H	Algeria	22	12	Midfielder	30	29	Getafe	Medhi_Lacen	0	
H	Algeria	22	22	Midfielder	30	22	Ajaccio	Mehdi_Mostefa	0	
H	Algeria	22	14	Midfielder	19	2	Tottenham_Hotspur	Nabil_Bentaleb	0	
H	Algeria	22	21	Midfielder	23	1	Leicester_City	Riyad_Mahrez	0	
H	Algeria	22	19	Midfielder	22	10	Internazionale	Saphir_Taeder	0	
H	Algeria	22	10	Midfielder	24	18	Valencia	Sofiane_Feghouli	0	
H	Algeria	22	11	Midfielder	24	5	Granada	Yacine_Brahimi	0	
H	Algeria	22	15	Forward	26	21	Dinamo_Zagreb	El_Arbi_Hillel_Soudani	0	
H	Algeria	22	13	Forward	25	19	Sporting_CP	Islam_Slimani	0	
H	Algeria	22	9	Forward	24	5	Porto	Nabil_Ghilas	0	
H	Belgium	11	13	Goalie	28	1	Zulte_Waregem	Sammy_Bossut	0	
H	Belgium	11	12	Goalie	25	14	Liverpool	Simon_Mignolet	0	
H	Belgium	11	1	Goalie	22	16	Atletico_Madrid	Thibaut_Courtois	0	
H	Belgium	11	21	Defender	26	25	Anderlecht	Anthony_Vanden_Borre	0	
H	Belgium	11	15	Defender	36	79	Bayern_Munich	Daniel_Van_Buyten	0	
H	Belgium	11	5	Defender	27	56	Tottenham_Hotspur	Jan_Vertonghen	0	
H	Belgium	11	23	Defender	28	8	Standard_Liege	Laurent_Ciman	0	
H	Belgium	11	18	Defender	29	26	Zenit_Saint_Petersburg	Nicolas_Lombaerts	0	
H	Belgium	11	3	Defender	28	48	Arsenal	Thomas_Vermaelen	0	
H	Belgium	11	2	Defender	25	34	Atletico_Madrid	Toby_Alderweireld	0	
H	Belgium	11	4	Defender	28	59	Manchester_City	Vincent_Kompany	1	
H	Belgium	11	20	Midfielder	19	1	Manchester_United	Adnan_Januzaj	0	
H	Belgium	11	6	Midfielder	25	48	Zenit_Saint_Petersburg	Axel_Witsel	0	
H	Belgium	11	10	Midfielder	23	45	Chelsea	Eden_Hazard	0	
H	Belgium	11	7	Midfielder	22	22	VfL_Wolfsburg	Kevin_De_Bruyne	0	
H	Belgium	11	11	Midfielder	26	44	Everton	Kevin_Mirallas	0	
H	Belgium	11	8	Midfielder	26	50	Manchester_United	Marouane_Fellaini	0	
H	Belgium	11	19	Midfielder	26	55	Tottenham_Hotspur	Mousa_Dembele	0	
H	Belgium	11	22	Midfielder	24	20	Tottenham_Hotspur	Nacer_Chadli	0	
H	Belgium	11	16	Midfielder	26	43	Porto	Steven_Defour	0	
H	Belgium	11	17	Forward	19	2	Lille	Divock_Origi	0	
H	Belgium	11	14	Forward	27	24	Napoli	Dries_Mertens	0	
H	Belgium	11	9	Forward	21	29	Everton	Romelu_Lukaku	0	
H	South_Korea	57	1	Goalie	29	60	Suwon_Bluewings	Jung_Sung-Ryong	0	
H	South_Korea	57	21	Goalie	23	5	Ulsan_Hyundai	Kim_Seung-Gyu	0	
H	South_Korea	57	23	Goalie	25	0	Busan_I'Park	Lee_Bum-Young	0	
H	South_Korea	57	20	Defender	24	24	FC_Augsburg	Hong_Jeong-Ho	0	
H	South_Korea	57	6	Defender	24	3	Sanfrecce_Hiroshima	Hwang_Seok-Ho	0	
H	South_Korea	57	2	Defender	28	8	Kashiwa_Reysol	Kim_Chang-Soo	0	
H	South_Korea	57	5	Defender	24	20	Guangzhou_Evergrande	Kim_Young-Gwon	0	
H	South_Korea	57	4	Defender	32	34	Al-Hilal	Kwak_Tae-Hwi	0	
H	South_Korea	57	12	Defender	27	11	Ulsan_Hyundai	Lee_Yong	0	
H	South_Korea	57	22	Defender	27	13	Mainz_5	Park_Joo-Ho	0	
H	South_Korea	57	3	Defender	24	3	Queens_Park_Rangers	Yun_Suk-Young	0	
H	South_Korea	57	8	Midfielder	29	13	Beijing_Guoan	Ha_Dae-Sung	0	
H	South_Korea	57	14	Midfielder	24	9	Kashiwa_Reysol	Han_Kook-Young	0	
H	South_Korea	57	16	Midfielder	25	58	Sunderland	Ki_Sung-Yueng	0	
H	South_Korea	57	7	Midfielder	24	27	Cardiff_City	Kim_Bo-Kyung	0	
H	South_Korea	57	13	Midfielder	25	36	Mainz_5	Koo_Ja-Cheol	1	
H	South_Korea	57	17	Midfielder	25	54	Bolton_Wanderers	Lee_Chung-Yong	0	
H	South_Korea	57	15	Midfielder	25	10	Guangzhou_R&F	Park_Jong-Woo	0	
H	South_Korea	57	19	Forward	23	27	FC_Augsburg	Ji_Dong-Won	0	
H	South_Korea	57	18	Forward	26	26	Ulsan_Hyundai	Kim_Shin-Wook	0	
H	South_Korea	57	11	Forward	29	63	Sangju_Sangmu	Lee_Keun-Ho	0	
H	South_Korea	57	10	Forward	28	63	Watford	Park_Chu-Young	0	
H	South_Korea	57	9	Forward	21	24	Bayer_Leverkusen	Son_Heung-Min	0	
H	Russia	19	1	Goalie	28	67	CSKA_Moscow	Igor_Akinfeev	0	
H	Russia	19	16	Goalie	33	1	Rubin_Kazan	Sergey_Ryzhikov	0	
H	Russia	19	12	Goalie	24	2	Zenit_Saint_Petersburg	Yuri_Lodygin	0	
H	Russia	19	2	Defender	27	10	Dynamo_Moscow	Aleksei_Kozlov	0	
H	Russia	19	6	Defender	25	1	Terek_Grozny	Andrei_Semyonov	0	
H	Russia	19	22	Defender	30	11	Anzhi_Makhachkala	Andrey_Yeshchenko	0	
H	Russia	19	23	Defender	27	21	Spartak_Moscow	Dmitri_Kombarov	0	
H	Russia	19	3	Defender	23	3	CSKA_Moscow	Georgi_Shchennikov	0	
H	Russia	19	4	Defender	34	95	CSKA_Moscow	Sergei_Ignashevich	0	
H	Russia	19	14	Defender	31	77	CSKA_Moscow	Vasili_Berezutski	0	
H	Russia	19	13	Defender	27	4	Dynamo_Moscow	Vladimir_Granat	0	
H	Russia	19	10	Midfielder	23	31	CSKA_Moscow	Alan_Dzagoev	0	
H	Russia	19	8	Midfielder	27	26	Spartak_Moscow	Denis_Glushakov	0	
H	Russia	19	7	Midfielder	30	42	Dynamo_Moscow	Igor_Denisov	0	
H	Russia	19	17	Midfielder	23	6	Zenit_Saint_Petersburg	Oleg_Shatov	0	
H	Russia	19	15	Midfielder	21	1	Rubin_Kazan	Pavel_Mogilevets	0	
H	Russia	19	20	Midfielder	28	18	Zenit_Saint_Petersburg	Viktor_Fayzulin	0	
H	Russia	19	11	Forward	31	79	Zenit_Saint_Petersburg	Aleksandr_Kerzhakov	0	
H	Russia	19	9	Forward	23	20	Dynamo_Moscow	Aleksandr_Kokorin	0	
H	Russia	19	19	Forward	29	16	Lokomotiv_Moscow	Aleksandr_Samedov	0	
H	Russia	19	18	Forward	25	5	Dynamo_Moscow	Aleksei_Ionov	0	
H	Russia	19	21	Forward	22	2	Rubin_Kazan	Maksim_Kanunnikov	0	
H	Russia	19	5	Forward	30	59	Dynamo_Moscow	Yuri_Zhirkov	0	
